signal,family,dumb,control,macro,standalone_lift_5pct,standalone_precision_5pct,standalone_auc_within_q,standalone_lift_frac_folds_above_1,incremental_lift_5pct,incremental_precision_5pct,incremental_auc_within_q,standalone_lift_5pct_severe
dep_growth_1q,growth-dynamics,False,False,False,4.107180240801656,0.2020377256281848,0.6668415051384541,1.0,0.0500321365625859,0.0025386567793698,0.0013493621826254,7.912894505350622
dep_growth_decel_4q,growth-dynamics,False,False,False,4.3690854279908695,0.2205905493733782,0.6783313960283213,1.0,0.1334133747713295,0.0068912659303424,0.0026758231297848,7.683608770538817
dep_growth_vol_4q,growth-dynamics,False,False,False,3.284791983987453,0.1673768206156095,0.713739034329314,1.0,0.0990283771565536,0.0042290831929276,0.0019631163723731,7.542158866515834
asset_dep_divergence,growth-dynamics,False,False,False,2.53813577715502,0.1303758966724594,0.5971874906472532,1.0,-0.0299613002004308,-0.00120467285374,1.1230094105973976e-05,4.070419268686998
ltd_level,balance-sheet-stress,False,False,False,2.5490022951629636,0.1383907017962923,0.619512418693709,1.0,0.1588421013311896,0.0062857662330196,0.0015817964142503,4.5641387340293935
ltd_trend_4q,balance-sheet-stress,False,False,False,2.5775390481743528,0.1292956163866246,0.584922377920941,0.9642857142857144,0.0041426508977799,0.0041025337672464,0.0033295217749479,4.97172105805902
eq_assets,balance-sheet-stress,False,False,False,2.0194133778412735,0.0986677195567985,0.5483022708969706,0.8928571428571429,-0.0301301578234012,-0.0012479703311628,-3.833198455172049e-05,2.9404571305540217
eq_assets_chg_4q,balance-sheet-stress,False,False,False,2.387522754600467,0.1130626413729876,0.5722945535366675,0.9285714285714286,0.0169003235193283,0.0006458270033847,-0.0002662991460304,4.287240047782108
unrealized_afs_loss_to_eq,balance-sheet-stress,False,False,False,1.433396219405341,0.0758810932561909,0.5245895166720935,0.8928571428571429,0.0716559822979494,0.0040024832584976,0.0014184769337455,1.6435213603358232
unrealized_afs_loss_chg_4q,balance-sheet-stress,False,False,False,1.5284388673327824,0.0805467153598142,0.5407714881345883,0.8571428571428571,0.0094998598033946,0.0019643881449937,-0.0001102419798233,1.7473043213255963
nim_level,balance-sheet-stress,False,False,False,2.250023038371698,0.1105601652899836,0.566092444703975,1.0,-0.0506164940509776,-0.0007278755306084,0.0004755105694524,3.9356444113024334
nim_compression_4q,balance-sheet-stress,False,False,False,2.0075515218960014,0.1013440784409809,0.5569846543945781,0.8928571428571429,-0.0205149161231874,-0.0012077929456837,0.0006568577039074,3.5030616942460573
log_assets,control,False,True,False,1.9739635044236827,0.1131877725715277,0.5755682805950494,1.0,0.0818283283116398,0.0037475774100997,0.0108887383827972,1.8052692722775912
quarter_of_year,control,False,True,True,0.9884679945066552,0.0568624524019025,0.5,0.5357142857142857,,,,0.8054958118205823
macro_agg_dep_growth,control,False,True,True,0.9884679945066552,0.0568624524019025,0.5,0.5357142857142857,,,,0.8054958118205823
dumb_cert_parity,null-tripwire,True,False,False,0.8074856328212389,0.0484711425048412,0.5042493316835778,0.2857142857142857,,,,0.5367171950582025
state_identity,null-tripwire,False,True,False,1.754195064001598,0.0942038251502136,0.6014734605989698,1.0,,,,2.6623967862195057
dumb_asset_digit_sum,null-tripwire,True,False,False,1.0533916842569822,0.0618722727572892,0.518473498355755,0.5357142857142857,,,,1.0479699020843154
brokered_share,funding-mix,False,False,False,1.9245100642565305,0.0925445969834472,0.5469544864525496,0.9285714285714286,-0.0466840387075873,-0.0015832444848734,0.001384951800474,2.789316474500485
brokered_share_chg_4q,funding-mix,False,False,False,1.8765381507660812,0.0939073910992983,0.5504679153859912,0.9285714285714286,-0.0720099360422121,-0.0033897397258454,-1.8959900660475704e-05,2.6260772776164387
time_dep_share,funding-mix,False,False,False,2.3195491576087757,0.1232505642690994,0.573068075180274,0.9642857142857144,0.0407385595239082,0.0024731383430473,0.0002982668325907,4.536652091672553
time_dep_share_chg_4q,funding-mix,False,False,False,2.216746239968732,0.1118082790383644,0.5580364614905096,0.9642857142857144,-0.0012305247996282,0.0008826768753089,0.0002672706019013,3.952651329516932
core_dep_share,funding-mix,False,False,False,2.449267752254779,0.1257455100583996,0.5705531594043591,1.0,0.0131280161718221,0.0003120576925063,0.0008578089037842,4.352286100869742
core_dep_share_chg_4q,funding-mix,False,False,False,2.2304807814058702,0.1156042813848968,0.5661012209511698,1.0,-0.0321869265983716,-0.0017796825239014,-0.0007989968524139,3.797130256021148
uninsured_dep_share,funding-mix,False,False,False,2.4758699191338343,0.1307945049393396,0.6112553265640407,1.0,0.0997265206960689,0.0057955633638521,0.007679403931068,5.206888395462044
uninsured_dep_share_chg_4q,funding-mix,False,False,False,2.8126267214786353,0.1401247887356173,0.6052994781353347,1.0,0.0335350638475544,0.0017855062376099,0.0012028025454717,5.022392020443805
noninterest_dep_share,funding-mix,False,False,False,2.4577195095373705,0.1298366390330003,0.5705433108611916,1.0,-0.0589628689019026,-0.0019362318345653,-0.0002040558900369,4.5324447013431115
noninterest_dep_share_chg_4q,funding-mix,False,False,False,2.407368176032254,0.1247593512073825,0.578505095084968,1.0,-0.0765558100280578,-0.0032005005734814,-0.0001186763419476,3.8846759791310506
prior_drawdown_1q,history,False,False,False,1.700864726859885,0.0878445100374822,0.5264149237983184,0.8928571428571429,-0.0131055131110215,-0.0004782283483135,7.827014596728521e-05,2.048746548599749
prior_drawdown_count_4q,history,False,False,False,3.1382531626568153,0.163050613890239,0.6358839908748346,1.0,0.0898199583841909,0.0036181576676055,0.0004682166375402,5.033517040900987
dumb_row_noise,null-tripwire,True,False,False,0.9913448591748167,0.05632000577646324,0.49944268502692485,0.5,,,,0.5982591224628011
