quarter,cert,bank,size_stratum,total_deposits_usd_m,score,percentile_in_stratum,top_signals,top_signal_values,reason
2026Q1,32574,MONET BANK,$1B-$10B,947.3,0.66589,100.0,"['uninsured_dep_share_chg_4q', 'core_dep_share_chg_4q', 'eq_assets_chg_4q']","{'uninsured_dep_share_chg_4q': 0.549516, 'core_dep_share_chg_4q': 0.329289, 'eq_assets_chg_4q': 0.118949}",Flagged because uninsured share rose 55.0% over the year; core deposit share rose 32.9% over the year; capital ratio rose 11.9% over the year.
2026Q1,58088,SOUTHPOINT BANK,$1B-$10B,1318.7,0.59735,99.9,"['core_dep_share', 'dep_growth_1q', 'unrealized_afs_loss_to_eq']","{'core_dep_share': 0.614748, 'dep_growth_1q': -0.082083, 'unrealized_afs_loss_to_eq': -0.083912}",Flagged because core deposits are only 61.5% of the book; deposits already fell 8.2% last quarter; unrealized securities losses equal 8.4% of equity.
2026Q1,58224,COLUMN NATIONAL ASSN,$1B-$10B,1184.6,0.54786,99.8,"['dep_growth_vol_4q', 'dep_growth_1q', 'dep_growth_decel_4q']","{'dep_growth_vol_4q': 0.462056, 'dep_growth_1q': 0.721371, 'dep_growth_decel_4q': 0.672473}","Flagged because deposit balances are unusually volatile (σ 46.2% over 4 quarters); deposits jumped 72.1% last quarter, and lumpy inflows tend to leave again; deposit growth accelerated 67.2% versus its own trailing year."
2026Q1,26312,FIRST AMERICAN TRUST FSB,$1B-$10B,7801.4,0.54297,99.7,"['unrealized_afs_loss_to_eq', 'unrealized_afs_loss_chg_4q', 'dep_growth_1q']","{'unrealized_afs_loss_to_eq': -0.405073, 'unrealized_afs_loss_chg_4q': 0.348125, 'dep_growth_1q': 0.249447}","Flagged because unrealized securities losses equal 40.5% of equity; the securities mark improved by 34.8% of equity over the year; deposits jumped 24.9% last quarter, and lumpy inflows tend to leave again."
2026Q1,57710,GREENE CNTY COMMERCIAL BANK,$1B-$10B,1289.5,0.53141,99.6,"['uninsured_dep_share', 'ltd_level', 'unrealized_afs_loss_to_eq']","{'uninsured_dep_share': 0.907565, 'ltd_level': 0.0, 'unrealized_afs_loss_to_eq': -0.123159}",Flagged because uninsured deposits are 90.8% of the book; loan-to-deposit ratio is 0%; unrealized securities losses equal 12.3% of equity.
2026Q1,21843,MIZUHO BANK USA,$1B-$10B,2826.5,0.49095,99.4,"['eq_assets_chg_4q', 'dep_growth_1q', 'eq_assets']","{'eq_assets_chg_4q': 0.116656, 'dep_growth_1q': -0.295042, 'eq_assets': 0.286524}",Flagged because capital ratio rose 11.7% over the year; deposits already fell 29.5% last quarter; equity is 28.7% of assets.
2026Q1,58595,CHAIN BRIDGE BANK NA,$1B-$10B,1741.4,0.36542,99.3,"['noninterest_dep_share', 'dep_growth_vol_4q', 'uninsured_dep_share']","{'noninterest_dep_share': 0.807062, 'dep_growth_vol_4q': 0.147432, 'uninsured_dep_share': 0.755104}",Flagged because noninterest-bearing (operational) deposits are 80.7%; deposit balances are unusually volatile (σ 14.7% over 4 quarters); uninsured deposits are 75.5% of the book.
2026Q1,34404,WEBBANK,$1B-$10B,2016.9,0.35829,99.2,"['nim_level', 'core_dep_share', 'dep_growth_decel_4q']","{'nim_level': 15.37852, 'core_dep_share': 0.220193, 'dep_growth_decel_4q': -0.29882}",Flagged because net interest margin is 15.38%; core deposits are only 22.0% of the book; deposit growth decelerated 29.9% versus its own trailing year.
2026Q1,5962,SUTTON BANK,$1B-$10B,1450.9,0.34447,99.1,"['uninsured_dep_share', 'noninterest_dep_share', 'uninsured_dep_share_chg_4q']","{'uninsured_dep_share': 0.903456, 'noninterest_dep_share': 0.740435, 'uninsured_dep_share_chg_4q': 0.124771}",Flagged because uninsured deposits are 90.3% of the book; noninterest-bearing (operational) deposits are 74.0%; uninsured share rose 12.5% over the year.
2026Q1,1497,SECURITY STATE BANK,$1B-$10B,1022.6,0.33679,99.0,"['unrealized_afs_loss_to_eq', 'dep_growth_1q', 'core_dep_share']","{'unrealized_afs_loss_to_eq': -0.188893, 'dep_growth_1q': 0.209944, 'core_dep_share': 0.629005}","Flagged because unrealized securities losses equal 18.9% of equity; deposits jumped 21.0% last quarter, and lumpy inflows tend to leave again; core deposits are only 62.9% of the book."
2026Q1,14028,FIRST GUARANTY BANK,$1B-$10B,3512.2,0.33465,98.9,"['core_dep_share', 'core_dep_share_chg_4q', 'ltd_trend_4q']","{'core_dep_share': 0.632349, 'core_dep_share_chg_4q': -0.093442, 'ltd_trend_4q': -0.202149}",Flagged because core deposits are only 63.2% of the book; core deposit share fell 9.3% over the year; loan-to-deposit ratio fell 20.2% over the year.
2026Q1,28380,ADIRONDACK BANK,$1B-$10B,922.8,0.31237,98.8,"['unrealized_afs_loss_to_eq', 'dep_growth_decel_4q', 'unrealized_afs_loss_chg_4q']","{'unrealized_afs_loss_to_eq': -0.209872, 'dep_growth_decel_4q': 0.110459, 'unrealized_afs_loss_chg_4q': 0.070513}",Flagged because unrealized securities losses equal 21.0% of equity; deposit growth accelerated 11.0% versus its own trailing year; the securities mark improved by 7.1% of equity over the year.
2026Q1,21868,BESSEMER TRUST CO NA,$1B-$10B,4488.1,0.29535,98.7,"['dep_growth_vol_4q', 'dep_growth_decel_4q', 'uninsured_dep_share']","{'dep_growth_vol_4q': 0.383781, 'dep_growth_decel_4q': -0.364987, 'uninsured_dep_share': 0.828634}",Flagged because deposit balances are unusually volatile (σ 38.4% over 4 quarters); deposit growth decelerated 36.5% versus its own trailing year; uninsured deposits are 82.9% of the book.
2026Q1,5146,WELLS FARGO BANK S CNTL NA,$1B-$10B,1786.1,0.27979,98.5,"['eq_assets_chg_4q', 'eq_assets', 'dep_growth_vol_4q']","{'eq_assets_chg_4q': 0.095409, 'eq_assets': 0.285135, 'dep_growth_vol_4q': 0.184973}",Flagged because capital ratio rose 9.5% over the year; equity is 28.5% of assets; deposit balances are unusually volatile (σ 18.5% over 4 quarters).
2026Q1,20099,TEXAS EXCHANGE BANK,$1B-$10B,2582.2,0.27808,98.4,"['core_dep_share', 'nim_compression_4q', 'time_dep_share']","{'core_dep_share': 0.039296, 'nim_compression_4q': -1.425181, 'time_dep_share': 0.974153}",Flagged because core deposits are only 3.9% of the book; net interest margin compressed 1.43pp over the year; time deposits are 97.4% of funding.
2026Q1,12225,FMB BANK,<$1B,49.5,0.76591,100.0,"['noninterest_dep_share_chg_4q', 'dep_growth_decel_4q', 'dep_growth_1q']","{'noninterest_dep_share_chg_4q': 0.48547, 'dep_growth_decel_4q': 0.404744, 'dep_growth_1q': 0.330174}","Flagged because operational balances grew 48.5% as a share of the book over the year; deposit growth accelerated 40.5% versus its own trailing year; deposits jumped 33.0% last quarter, and lumpy inflows tend to leave again."
2026Q1,22381,ANAHUAC NATIONAL BANK,<$1B,284.5,0.71923,100.0,"['unrealized_afs_loss_chg_4q', 'unrealized_afs_loss_to_eq', 'asset_dep_divergence']","{'unrealized_afs_loss_chg_4q': 7.465573, 'unrealized_afs_loss_to_eq': -1.970358, 'asset_dep_divergence': -0.140784}",Flagged because the securities mark improved by 746.6% of equity over the year; unrealized securities losses equal 197.0% of equity; deposits grew 14.1% faster than assets.
2026Q1,10635,BANK OF STEINAUER,<$1B,23.5,0.708,99.9,"['dep_growth_decel_4q', 'dep_growth_1q', 'dep_growth_vol_4q']","{'dep_growth_decel_4q': 0.455081, 'dep_growth_1q': 0.380264, 'dep_growth_vol_4q': 0.232309}","Flagged because deposit growth accelerated 45.5% versus its own trailing year; deposits jumped 38.0% last quarter, and lumpy inflows tend to leave again; deposit balances are unusually volatile (σ 23.2% over 4 quarters)."
2026Q1,9406,BANK OF CATTARAUGUS,<$1B,31.4,0.68923,99.9,"['dep_growth_vol_4q', 'dep_growth_decel_4q', 'dep_growth_1q']","{'dep_growth_vol_4q': 0.236867, 'dep_growth_decel_4q': 0.380929, 'dep_growth_1q': 0.312443}","Flagged because deposit balances are unusually volatile (σ 23.7% over 4 quarters); deposit growth accelerated 38.1% versus its own trailing year; deposits jumped 31.2% last quarter, and lumpy inflows tend to leave again."
2026Q1,8507,SLOAN STATE BANK,<$1B,81.6,0.65383,99.9,"['unrealized_afs_loss_to_eq', 'unrealized_afs_loss_chg_4q', 'dep_growth_1q']","{'unrealized_afs_loss_to_eq': -0.840058, 'unrealized_afs_loss_chg_4q': 0.549076, 'dep_growth_1q': 0.240465}","Flagged because unrealized securities losses equal 84.0% of equity; the securities mark improved by 54.9% of equity over the year; deposits jumped 24.0% last quarter, and lumpy inflows tend to leave again."
2026Q1,58482,BANK OF MONTANA,<$1B,318.9,0.6456,99.8,"['dep_growth_decel_4q', 'dep_growth_vol_4q', 'dep_growth_1q']","{'dep_growth_decel_4q': 0.298918, 'dep_growth_vol_4q': 0.18674, 'dep_growth_1q': 0.253106}","Flagged because deposit growth accelerated 29.9% versus its own trailing year; deposit balances are unusually volatile (σ 18.7% over 4 quarters); deposits jumped 25.3% last quarter, and lumpy inflows tend to leave again."
2026Q1,59098,INFINITY BANK,<$1B,343.7,0.63855,99.8,"['uninsured_dep_share', 'dep_growth_1q', 'dep_growth_vol_4q']","{'uninsured_dep_share': 0.650504, 'dep_growth_1q': 0.135723, 'dep_growth_vol_4q': 0.097347}","Flagged because uninsured deposits are 65.1% of the book; deposits jumped 13.6% last quarter, and lumpy inflows tend to leave again; deposit balances are unusually volatile (σ 9.7% over 4 quarters)."
2026Q1,8946,KINDRED STATE BANK,<$1B,43.4,0.60995,99.8,"['dep_growth_vol_4q', 'uninsured_dep_share_chg_4q', 'dep_growth_decel_4q']","{'dep_growth_vol_4q': 0.142416, 'uninsured_dep_share_chg_4q': -0.106558, 'dep_growth_decel_4q': 0.156746}",Flagged because deposit balances are unusually volatile (σ 14.2% over 4 quarters); uninsured share fell 10.7% over the year; deposit growth accelerated 15.7% versus its own trailing year.
2026Q1,5401,F&M BANK,<$1B,122.4,0.60606,99.7,"['dep_growth_vol_4q', 'dep_growth_1q', 'dep_growth_decel_4q']","{'dep_growth_vol_4q': 0.133231, 'dep_growth_1q': 0.10852, 'dep_growth_decel_4q': 0.110366}","Flagged because deposit balances are unusually volatile (σ 13.3% over 4 quarters); deposits jumped 10.9% last quarter, and lumpy inflows tend to leave again; deposit growth accelerated 11.0% versus its own trailing year."
2026Q1,11681,ANCHOR STATE BANK,<$1B,67.2,0.60559,99.7,"['dep_growth_1q', 'noninterest_dep_share_chg_4q', 'dep_growth_vol_4q']","{'dep_growth_1q': 0.201721, 'noninterest_dep_share_chg_4q': 0.118239, 'dep_growth_vol_4q': 0.140003}","Flagged because deposits jumped 20.2% last quarter, and lumpy inflows tend to leave again; operational balances grew 11.8% as a share of the book over the year; deposit balances are unusually volatile (σ 14.0% over 4 quarters)."
2026Q1,58590,NANO BANC,<$1B,789.7,0.60487,99.7,"['asset_dep_divergence', 'time_dep_share_chg_4q', 'eq_assets_chg_4q']","{'asset_dep_divergence': -0.095168, 'time_dep_share_chg_4q': 0.232992, 'eq_assets_chg_4q': -0.057258}",Flagged because deposits grew 9.5% faster than assets; funding shifted 23.3% into time deposits over the year; capital ratio fell 5.7% over the year.
2026Q1,33552,BOONE BANK&TRUST CO,<$1B,160.2,0.57092,99.7,"['unrealized_afs_loss_to_eq', 'dep_growth_vol_4q', 'unrealized_afs_loss_chg_4q']","{'unrealized_afs_loss_to_eq': -0.31501, 'dep_growth_vol_4q': 0.165561, 'unrealized_afs_loss_chg_4q': 0.187091}",Flagged because unrealized securities losses equal 31.5% of equity; deposit balances are unusually volatile (σ 16.6% over 4 quarters); the securities mark improved by 18.7% of equity over the year.
2026Q1,10528,EXCHANGE B&T NATCHITOCHES LA,<$1B,200.5,0.57057,99.6,"['dep_growth_decel_4q', 'dep_growth_1q', 'dep_growth_vol_4q']","{'dep_growth_decel_4q': 0.215923, 'dep_growth_1q': 0.185899, 'dep_growth_vol_4q': 0.119552}","Flagged because deposit growth accelerated 21.6% versus its own trailing year; deposits jumped 18.6% last quarter, and lumpy inflows tend to leave again; deposit balances are unusually volatile (σ 12.0% over 4 quarters)."
2026Q1,35261,TWIN CITY BANK,<$1B,99.5,0.56448,99.6,"['dep_growth_1q', 'dep_growth_decel_4q', 'asset_dep_divergence']","{'dep_growth_1q': 0.545185, 'dep_growth_decel_4q': 0.533903, 'asset_dep_divergence': -0.138839}","Flagged because deposits jumped 54.5% last quarter, and lumpy inflows tend to leave again; deposit growth accelerated 53.4% versus its own trailing year; deposits grew 13.9% faster than assets."
2026Q1,4232,STATE BANK OF WYNNEWOOD,<$1B,98.6,0.55179,99.6,"['unrealized_afs_loss_to_eq', 'dep_growth_decel_4q', 'unrealized_afs_loss_chg_4q']","{'unrealized_afs_loss_to_eq': -0.187802, 'dep_growth_decel_4q': 0.185242, 'unrealized_afs_loss_chg_4q': 0.136854}",Flagged because unrealized securities losses equal 18.8% of equity; deposit growth accelerated 18.5% versus its own trailing year; the securities mark improved by 13.7% of equity over the year.
2026Q1,10647,AMERICAN EXCHANGE BANK,<$1B,67.2,0.5355,99.5,"['asset_dep_divergence', 'dep_growth_decel_4q', 'dep_growth_1q']","{'asset_dep_divergence': -0.117889, 'dep_growth_decel_4q': 0.210123, 'dep_growth_1q': 0.190086}","Flagged because deposits grew 11.8% faster than assets; deposit growth accelerated 21.0% versus its own trailing year; deposits jumped 19.0% last quarter, and lumpy inflows tend to leave again."
2026Q1,59318,ZENITH BANK&TRUST,<$1B,99.3,0.53407,99.5,"['dep_growth_decel_4q', 'dep_growth_1q', 'dep_growth_vol_4q']","{'dep_growth_decel_4q': 0.227865, 'dep_growth_1q': 0.19226, 'dep_growth_vol_4q': 0.137706}","Flagged because deposit growth accelerated 22.8% versus its own trailing year; deposits jumped 19.2% last quarter, and lumpy inflows tend to leave again; deposit balances are unusually volatile (σ 13.8% over 4 quarters)."
2026Q1,10125,CITIZENS SAVINGS BANK,<$1B,159.4,0.5289,99.5,"['dep_growth_vol_4q', 'dep_growth_decel_4q', 'dep_growth_1q']","{'dep_growth_vol_4q': 0.114086, 'dep_growth_decel_4q': 0.124062, 'dep_growth_1q': 0.10349}","Flagged because deposit balances are unusually volatile (σ 11.4% over 4 quarters); deposit growth accelerated 12.4% versus its own trailing year; deposits jumped 10.3% last quarter, and lumpy inflows tend to leave again."
2026Q1,9354,FARMERS STB OF HOFFMAN,<$1B,34.4,0.52614,99.4,"['unrealized_afs_loss_to_eq', 'unrealized_afs_loss_chg_4q', 'dep_growth_decel_4q']","{'unrealized_afs_loss_to_eq': -0.284471, 'unrealized_afs_loss_chg_4q': 0.174441, 'dep_growth_decel_4q': 0.135334}",Flagged because unrealized securities losses equal 28.4% of equity; the securities mark improved by 17.4% of equity over the year; deposit growth accelerated 13.5% versus its own trailing year.
2026Q1,7274,WSB MUNICIPAL BANK,<$1B,120.2,0.51629,99.4,"['asset_dep_divergence', 'dep_growth_decel_4q', 'dep_growth_vol_4q']","{'asset_dep_divergence': -0.215362, 'dep_growth_decel_4q': 0.319462, 'dep_growth_vol_4q': 0.186341}",Flagged because deposits grew 21.5% faster than assets; deposit growth accelerated 31.9% versus its own trailing year; deposit balances are unusually volatile (σ 18.6% over 4 quarters).
2026Q1,420,BANK OF VICI,<$1B,29.8,0.50432,99.4,"['unrealized_afs_loss_to_eq', 'core_dep_share_chg_4q', 'dep_growth_decel_4q']","{'unrealized_afs_loss_to_eq': -0.57864, 'core_dep_share_chg_4q': 0.078891, 'dep_growth_decel_4q': 0.147735}",Flagged because unrealized securities losses equal 57.9% of equity; core deposit share rose 7.9% over the year; deposit growth accelerated 14.8% versus its own trailing year.
2026Q1,59143,NEW VALLEY BANK&TRUST,<$1B,317.0,0.50396,99.3,"['dep_growth_1q', 'dep_growth_decel_4q', 'dep_growth_vol_4q']","{'dep_growth_1q': 0.153675, 'dep_growth_decel_4q': 0.155256, 'dep_growth_vol_4q': 0.103432}","Flagged because deposits jumped 15.4% last quarter, and lumpy inflows tend to leave again; deposit growth accelerated 15.5% versus its own trailing year; deposit balances are unusually volatile (σ 10.3% over 4 quarters)."
2026Q1,3225,TITAN BANK N A,<$1B,783.7,0.49324,99.3,"['asset_dep_divergence', 'core_dep_share_chg_4q', 'dep_growth_1q']","{'asset_dep_divergence': -0.136723, 'core_dep_share_chg_4q': 0.114136, 'dep_growth_1q': 0.223143}","Flagged because deposits grew 13.7% faster than assets; core deposit share rose 11.4% over the year; deposits jumped 22.3% last quarter, and lumpy inflows tend to leave again."
2026Q1,33026,SURETY BANK,<$1B,200.4,0.48874,99.3,"['unrealized_afs_loss_to_eq', 'dep_growth_decel_4q', 'noninterest_dep_share_chg_4q']","{'unrealized_afs_loss_to_eq': -0.259129, 'dep_growth_decel_4q': 0.257585, 'noninterest_dep_share_chg_4q': -0.12381}",Flagged because unrealized securities losses equal 25.9% of equity; deposit growth accelerated 25.8% versus its own trailing year; operational balances shrank 12.4% as a share of the book over the year.
2026Q1,9196,HOME BANKING CO,<$1B,117.3,0.48844,99.2,"['core_dep_share_chg_4q', 'dep_growth_decel_4q', 'uninsured_dep_share_chg_4q']","{'core_dep_share_chg_4q': 0.075423, 'dep_growth_decel_4q': 0.105817, 'uninsured_dep_share_chg_4q': -0.057632}",Flagged because core deposit share rose 7.5% over the year; deposit growth accelerated 10.6% versus its own trailing year; uninsured share fell 5.8% over the year.
2026Q1,639,BANK OF NEW YORK MELLON,>$10B,419724.0,0.70946,100.0,"['dep_growth_1q', 'log_assets', 'noninterest_dep_share_chg_4q']","{'dep_growth_1q': 0.262582, 'log_assets': 19.962587, 'noninterest_dep_share_chg_4q': 0.133525}","Flagged because deposits jumped 26.3% last quarter, and lumpy inflows tend to leave again; the bank holds about $467.3B in assets; operational balances grew 13.4% as a share of the book over the year."
2026Q1,57833,BEAL BANK USA,>$10B,3670.9,0.28379,99.4,"['core_dep_share', 'asset_dep_divergence', 'ltd_trend_4q']","{'core_dep_share': 0.194363, 'asset_dep_divergence': -0.136287, 'ltd_trend_4q': 0.71895}",Flagged because core deposits are only 19.4% of the book; deposits grew 13.6% faster than assets; loan-to-deposit ratio rose 71.9% over the year.
2026Q1,58647,FIRST FOUNDATION BANK,>$10B,8783.5,0.27339,98.7,"['core_dep_share', 'ltd_trend_4q', 'nim_level']","{'core_dep_share': 0.652106, 'ltd_trend_4q': -0.204723, 'nim_level': 1.235849}",Flagged because core deposits are only 65.2% of the book; loan-to-deposit ratio fell 20.5% over the year; net interest margin is 1.24%.
2026Q1,32992,MORGAN STANLEY BANK NA,>$10B,254345.0,0.25279,98.1,"['asset_dep_divergence', 'dep_growth_1q', 'log_assets']","{'asset_dep_divergence': 0.304705, 'dep_growth_1q': 0.23983, 'log_assets': 19.784998}","Flagged because assets grew 30.5% faster than deposits; deposits jumped 24.0% last quarter, and lumpy inflows tend to leave again; the bank holds about $391.3B in assets."
2026Q1,25178,BANK OF AMERICA CA NA,>$10B,12639.0,0.17511,97.4,"['log_assets', 'core_dep_share_chg_4q', 'nim_level']","{'log_assets': 16.531926, 'core_dep_share_chg_4q': 0.055149, 'nim_level': 1.785363}",Flagged because the bank holds about $15.1B in assets; core deposit share rose 5.5% over the year; net interest margin is 1.79%.
2026Q1,32541,FLAGSTAR BANK NATIONAL ASSN,>$10B,66832.2,0.13615,96.8,"['log_assets', 'core_dep_share_chg_4q', 'core_dep_share']","{'log_assets': 18.282898, 'core_dep_share_chg_4q': 0.055056, 'core_dep_share': 0.79116}",Flagged because the bank holds about $87.1B in assets; core deposit share rose 5.5% over the year; core deposits are only 79.1% of the book.
2026Q1,14,STATE STREET BANK&TRUST CO,>$10B,299560.0,0.13587,96.1,"['log_assets', 'uninsured_dep_share', 'core_dep_share']","{'log_assets': 19.772761, 'uninsured_dep_share': 0.732184, 'core_dep_share': 0.673114}",Flagged because the bank holds about $386.5B in assets; uninsured deposits are 73.2% of the book; core deposits are only 67.3% of the book.
2026Q1,33124,GOLDMAN SACHS BANK USA,>$10B,504823.0,0.1351,95.5,"['log_assets', 'core_dep_share', 'dep_growth_1q']","{'log_assets': 20.437949, 'core_dep_share': 0.682318, 'dep_growth_1q': 0.151694}","Flagged because the bank holds about $751.8B in assets; core deposits are only 68.2% of the book; deposits jumped 15.2% last quarter, and lumpy inflows tend to leave again."
2026Q1,623,DEUTSCHE BANK TR CO AMERICAS,>$10B,27713.0,0.13162,94.8,"['uninsured_dep_share', 'eq_assets', 'log_assets']","{'uninsured_dep_share': 0.930105, 'eq_assets': 0.248132, 'log_assets': 17.497995}",Flagged because uninsured deposits are 93.0% of the book; equity is 24.8% of assets; the bank holds about $39.7B in assets.
2026Q1,57311,STIFEL BANK&TRUST,>$10B,18396.6,0.12432,94.2,"['log_assets', 'noninterest_dep_share', 'time_dep_share']","{'log_assets': 16.814375, 'noninterest_dep_share': 0.002538, 'time_dep_share': 0.0}",Flagged because the bank holds about $20.1B in assets; noninterest-bearing (operational) deposits are 0.3%; time deposits are 0.0% of funding.
