cutoff,signal,rows_compared,mismatches
2018Q2,dep_growth_1q,5610,0
2018Q2,dep_growth_decel_4q,5610,0
2018Q2,dep_growth_vol_4q,5610,0
2018Q2,asset_dep_divergence,5610,0
2018Q2,ltd_level,5610,0
2018Q2,ltd_trend_4q,5610,0
2018Q2,eq_assets,5610,0
2018Q2,eq_assets_chg_4q,5610,0
2018Q2,unrealized_afs_loss_to_eq,5610,0
2018Q2,unrealized_afs_loss_chg_4q,5610,0
2018Q2,nim_level,5610,0
2018Q2,nim_compression_4q,5610,0
2018Q2,log_assets,5610,0
2018Q2,quarter_of_year,5610,0
2018Q2,macro_agg_dep_growth,5610,0
2018Q2,dumb_cert_parity,5610,0
2018Q2,state_identity,5610,0
2018Q2,dumb_row_noise,5610,0
2018Q2,dumb_asset_digit_sum,5610,0
2018Q2,brokered_share,5610,0
2018Q2,brokered_share_chg_4q,5610,0
2018Q2,time_dep_share,5610,0
2018Q2,time_dep_share_chg_4q,5610,0
2018Q2,core_dep_share,5610,0
2018Q2,core_dep_share_chg_4q,5610,0
2018Q2,uninsured_dep_share,5610,0
2018Q2,uninsured_dep_share_chg_4q,5610,0
2018Q2,noninterest_dep_share,5610,0
2018Q2,noninterest_dep_share_chg_4q,5610,0
2018Q2,prior_drawdown_1q,5610,0
2018Q2,prior_drawdown_count_4q,5610,0
2018Q2,txt_deposit_pressure,5610,0
2018Q2,txt_funding_tone,5610,0
2018Q2,txt_outflow_language,5610,0
2018Q2,txt_inflow_language,5610,0
2020Q4,dep_growth_1q,5067,0
2020Q4,dep_growth_decel_4q,5067,0
2020Q4,dep_growth_vol_4q,5067,0
2020Q4,asset_dep_divergence,5067,0
2020Q4,ltd_level,5067,0
2020Q4,ltd_trend_4q,5067,0
2020Q4,eq_assets,5067,0
2020Q4,eq_assets_chg_4q,5067,0
2020Q4,unrealized_afs_loss_to_eq,5067,0
2020Q4,unrealized_afs_loss_chg_4q,5067,0
2020Q4,nim_level,5067,0
2020Q4,nim_compression_4q,5067,0
2020Q4,log_assets,5067,0
2020Q4,quarter_of_year,5067,0
2020Q4,macro_agg_dep_growth,5067,0
2020Q4,dumb_cert_parity,5067,0
2020Q4,state_identity,5067,0
2020Q4,dumb_row_noise,5067,0
2020Q4,dumb_asset_digit_sum,5067,0
2020Q4,brokered_share,5067,0
2020Q4,brokered_share_chg_4q,5067,0
2020Q4,time_dep_share,5067,0
2020Q4,time_dep_share_chg_4q,5067,0
2020Q4,core_dep_share,5067,0
2020Q4,core_dep_share_chg_4q,5067,0
2020Q4,uninsured_dep_share,5067,0
2020Q4,uninsured_dep_share_chg_4q,5067,0
2020Q4,noninterest_dep_share,5067,0
2020Q4,noninterest_dep_share_chg_4q,5067,0
2020Q4,prior_drawdown_1q,5067,0
2020Q4,prior_drawdown_count_4q,5067,0
2020Q4,txt_deposit_pressure,5067,0
2020Q4,txt_funding_tone,5067,0
2020Q4,txt_outflow_language,5067,0
2020Q4,txt_inflow_language,5067,0
2022Q4,dep_growth_1q,4773,0
2022Q4,dep_growth_decel_4q,4773,0
2022Q4,dep_growth_vol_4q,4773,0
2022Q4,asset_dep_divergence,4773,0
2022Q4,ltd_level,4773,0
2022Q4,ltd_trend_4q,4773,0
2022Q4,eq_assets,4773,0
2022Q4,eq_assets_chg_4q,4773,0
2022Q4,unrealized_afs_loss_to_eq,4773,0
2022Q4,unrealized_afs_loss_chg_4q,4773,0
2022Q4,nim_level,4773,0
2022Q4,nim_compression_4q,4773,0
2022Q4,log_assets,4773,0
2022Q4,quarter_of_year,4773,0
2022Q4,macro_agg_dep_growth,4773,0
2022Q4,dumb_cert_parity,4773,0
2022Q4,state_identity,4773,0
2022Q4,dumb_row_noise,4773,0
2022Q4,dumb_asset_digit_sum,4773,0
2022Q4,brokered_share,4773,0
2022Q4,brokered_share_chg_4q,4773,0
2022Q4,time_dep_share,4773,0
2022Q4,time_dep_share_chg_4q,4773,0
2022Q4,core_dep_share,4773,0
2022Q4,core_dep_share_chg_4q,4773,0
2022Q4,uninsured_dep_share,4773,0
2022Q4,uninsured_dep_share_chg_4q,4773,0
2022Q4,noninterest_dep_share,4773,0
2022Q4,noninterest_dep_share_chg_4q,4773,0
2022Q4,prior_drawdown_1q,4773,0
2022Q4,prior_drawdown_count_4q,4773,0
2022Q4,txt_deposit_pressure,4773,0
2022Q4,txt_funding_tone,4773,0
2022Q4,txt_outflow_language,4773,0
2022Q4,txt_inflow_language,4773,0
2023Q2,dep_growth_1q,4714,0
2023Q2,dep_growth_decel_4q,4714,0
2023Q2,dep_growth_vol_4q,4714,0
2023Q2,asset_dep_divergence,4714,0
2023Q2,ltd_level,4714,0
2023Q2,ltd_trend_4q,4714,0
2023Q2,eq_assets,4714,0
2023Q2,eq_assets_chg_4q,4714,0
2023Q2,unrealized_afs_loss_to_eq,4714,0
2023Q2,unrealized_afs_loss_chg_4q,4714,0
2023Q2,nim_level,4714,0
2023Q2,nim_compression_4q,4714,0
2023Q2,log_assets,4714,0
2023Q2,quarter_of_year,4714,0
2023Q2,macro_agg_dep_growth,4714,0
2023Q2,dumb_cert_parity,4714,0
2023Q2,state_identity,4714,0
2023Q2,dumb_row_noise,4714,0
2023Q2,dumb_asset_digit_sum,4714,0
2023Q2,brokered_share,4714,0
2023Q2,brokered_share_chg_4q,4714,0
2023Q2,time_dep_share,4714,0
2023Q2,time_dep_share_chg_4q,4714,0
2023Q2,core_dep_share,4714,0
2023Q2,core_dep_share_chg_4q,4714,0
2023Q2,uninsured_dep_share,4714,0
2023Q2,uninsured_dep_share_chg_4q,4714,0
2023Q2,noninterest_dep_share,4714,0
2023Q2,noninterest_dep_share_chg_4q,4714,0
2023Q2,prior_drawdown_1q,4714,0
2023Q2,prior_drawdown_count_4q,4714,0
2023Q2,txt_deposit_pressure,4714,0
2023Q2,txt_funding_tone,4714,0
2023Q2,txt_outflow_language,4714,0
2023Q2,txt_inflow_language,4714,0
2025Q2,dep_growth_1q,4494,0
2025Q2,dep_growth_decel_4q,4494,0
2025Q2,dep_growth_vol_4q,4494,0
2025Q2,asset_dep_divergence,4494,0
2025Q2,ltd_level,4494,0
2025Q2,ltd_trend_4q,4494,0
2025Q2,eq_assets,4494,0
2025Q2,eq_assets_chg_4q,4494,0
2025Q2,unrealized_afs_loss_to_eq,4494,0
2025Q2,unrealized_afs_loss_chg_4q,4494,0
2025Q2,nim_level,4494,0
2025Q2,nim_compression_4q,4494,0
2025Q2,log_assets,4494,0
2025Q2,quarter_of_year,4494,0
2025Q2,macro_agg_dep_growth,4494,0
2025Q2,dumb_cert_parity,4494,0
2025Q2,state_identity,4494,0
2025Q2,dumb_row_noise,4494,0
2025Q2,dumb_asset_digit_sum,4494,0
2025Q2,brokered_share,4494,0
2025Q2,brokered_share_chg_4q,4494,0
2025Q2,time_dep_share,4494,0
2025Q2,time_dep_share_chg_4q,4494,0
2025Q2,core_dep_share,4494,0
2025Q2,core_dep_share_chg_4q,4494,0
2025Q2,uninsured_dep_share,4494,0
2025Q2,uninsured_dep_share_chg_4q,4494,0
2025Q2,noninterest_dep_share,4494,0
2025Q2,noninterest_dep_share_chg_4q,4494,0
2025Q2,prior_drawdown_1q,4494,0
2025Q2,prior_drawdown_count_4q,4494,0
2025Q2,txt_deposit_pressure,4494,0
2025Q2,txt_funding_tone,4494,0
2025Q2,txt_outflow_language,4494,0
2025Q2,txt_inflow_language,4494,0
