cert,NAME,quarter,dep,dep_next,dep_growth_next,BKCLASS,STALP
15738,SECURITY STATE BANK,2021Q4,77241,10542.0,-0.8635180797762846,NM,IA
27330,SILVERGATE BANK,2022Q4,6343796,1504149.0,-0.7628944877798719,SM,CA
27219,BANKERS BANK OF KENTUCKY INC,2019Q4,92044,25186.0,-0.7263699969579767,SM,KY
1390,LAKE AREA BANK,2022Q2,373817,118071.0,-0.6841475909335316,NM,MN
13986,COLORADO NATIONAL BANK,2019Q1,45492,17620.0,-0.6126791523784402,N,CO
34613,BUILDERS BANK,2016Q3,56546,23022.0,-0.5928624482722031,NM,IL
18958,PINNACLE BANK SIOUX CITY,2017Q3,139952,60030.0,-0.5710672230479021,NM,IA
27330,SILVERGATE BANK,2022Q3,13277731,6343796.0,-0.5222228858228865,SM,CA
1027,FARMERS BANK&TRUST CO,2017Q3,460294,222910.0,-0.5157225599290888,SM,AR
25803,HATCH BANK,2022Q3,299797,147904.0,-0.5066528350850742,NM,CA
