signal,family,rationale,status,dumb,standalone_lift_5pct,incremental_lift_5pct,stability_frac_folds,severe_tier_lift_5pct,reason
dep_growth_1q,growth-dynamics,Current deposit momentum: the level of the trend a drawdown would have to break.,GRADUATED,False,4.107180240801656,0.0500321365625859,1.0,7.912894505350622,"Removing it costs 0.05 lift@5%, and it beats random ranking in 100% of walk-forward folds."
dep_growth_decel_4q,growth-dynamics,"Deceleration turns negative before the level breaks, so it should lead the event.",GRADUATED,False,4.3690854279908695,0.1334133747713295,1.0,7.683608770538817,"Removing it costs 0.13 lift@5%, and it beats random ranking in 100% of walk-forward folds."
dep_growth_vol_4q,growth-dynamics,A volatile deposit book is a concentrated one; volatility itself is fragility.,GRADUATED,False,3.284791983987453,0.0990283771565536,1.0,7.542158866515834,"Removing it costs 0.10 lift@5%, and it beats random ranking in 100% of walk-forward folds."
asset_dep_divergence,growth-dynamics,Assets outgrowing deposits means the gap is being plugged with borrowings.,PARKED,False,2.53813577715502,-0.0299613002004308,1.0,4.070419268686998,Carries real standalone information (lift 2.54) but is redundant once the graduated set is present (incremental -0.03).
ltd_level,balance-sheet-stress,A high loan-to-deposit ratio leaves no liquid cushion to absorb an outflow.,GRADUATED,False,2.5490022951629636,0.1588421013311896,1.0,4.5641387340293935,"Removing it costs 0.16 lift@5%, and it beats random ranking in 100% of walk-forward folds."
ltd_trend_4q,balance-sheet-stress,A rising loan-to-deposit ratio means loan growth is outrunning the funding base.,PARKED,False,2.5775390481743528,0.0041426508977799,0.9642857142857144,4.97172105805902,Carries real standalone information (lift 2.58) but is redundant once the graduated set is present (incremental +0.00).
eq_assets,balance-sheet-stress,Capital cushion: thin equity invites depositor and supervisory scrutiny.,PARKED,False,2.0194133778412735,-0.0301301578234012,0.8928571428571429,2.9404571305540217,Carries real standalone information (lift 2.02) but is redundant once the graduated set is present (incremental -0.03).
eq_assets_chg_4q,balance-sheet-stress,Eroding capital is the visible half of a balance sheet losing its buffer.,PARKED,False,2.387522754600467,0.0169003235193283,0.9285714285714286,4.287240047782108,Carries real standalone information (lift 2.39) but is redundant once the graduated set is present (incremental +0.02).
unrealized_afs_loss_to_eq,balance-sheet-stress,AFS fair value minus amortized cost over equity: paper losses that become real if deposits force a sale. This is the SVB mechanism.,GRADUATED,False,1.433396219405341,0.0716559822979494,0.8928571428571429,1.6435213603358232,"Removing it costs 0.07 lift@5%, and it beats random ranking in 89% of walk-forward folds."
unrealized_afs_loss_chg_4q,balance-sheet-stress,Deterioration in the securities mark is what turns a liquidity need into a solvency one.,PARKED,False,1.5284388673327824,0.0094998598033946,0.8571428571428571,1.7473043213255963,Carries real standalone information (lift 1.53) but is redundant once the graduated set is present (incremental +0.01).
nim_level,balance-sheet-stress,Net interest margin is the price the bank is winning or losing deposits at.,PARKED,False,2.250023038371698,-0.0506164940509776,1.0,3.935644411302434,Carries real standalone information (lift 2.25) but is redundant once the graduated set is present (incremental -0.05).
nim_compression_4q,balance-sheet-stress,"Margin compression means the bank is paying up to keep funding, or already losing it.",PARKED,False,2.0075515218960014,-0.0205149161231874,0.8928571428571429,3.5030616942460573,Carries real standalone information (lift 2.01) but is redundant once the graduated set is present (incremental -0.02).
log_assets,control,"Bank size. Expected confounder: small banks have lumpier books, so size may carry apparent signal that is really heteroskedasticity.",GRADUATED,False,1.9739635044236827,0.0818283283116398,1.0,1.8052692722775912,"Removing it costs 0.08 lift@5%, and it beats random ranking in 100% of walk-forward folds."
quarter_of_year,control,"Calendar seasonality: Q2 events peak at 6.79% against ~5.2% elsewhere, consistent with April tax payments draining balances.",KILLED,False,0.9884679945066552,,0.5357142857142857,0.8054958118205823,"Constant within a quarter, so it cannot rank banks inside the quarter an alert list is worked in; its apparent value is entirely pooled-metric inflation."
macro_agg_dep_growth,control,"Aggregate system-wide deposit growth this quarter -- the macro regime itself. Constant within a quarter, so it can only inflate pooled metrics, never rank a single quarter.",KILLED,False,0.9884679945066552,,0.5357142857142857,0.8054958118205823,"Constant within a quarter, so it cannot rank banks inside the quarter an alert list is worked in; its apparent value is entirely pooled-metric inflation."
dumb_cert_parity,null-tripwire,Deliberately null: whether the FDIC certificate number is even. No economic content.,KILLED,True,0.8074856328212389,,0.2857142857142857,0.5367171950582025,No standalone ranking power (lift 0.81) and no incremental contribution (+0.00).
state_identity,control,"Home-state identifier. Registered as a CONTROL, not a feature: state drawdown rates run from 1.68% (ME) to 15.13% (NV), a 9x spread, so geography is real but it is a confounder rather than a leading indicator of any one customer's behaviour.",PARKED,False,1.754195064001598,,1.0,2.6623967862195057,Carries real standalone information (lift 1.75) but is redundant once the graduated set is present (incremental +0.00).
dumb_asset_digit_sum,null-tripwire,"Deliberately null: digit sum of total assets. Scale-free numerology, no content.",KILLED,True,1.0533916842569822,,0.5357142857142857,1.0479699020843154,Weak standalone (lift 1.05) and no incremental contribution (+0.00).
brokered_share,funding-mix,"Brokered deposits are intermediated hot money that leaves on price, not relationship.",PARKED,False,1.9245100642565305,-0.0466840387075873,0.9285714285714286,2.789316474500485,Carries real standalone information (lift 1.92) but is redundant once the graduated set is present (incremental -0.05).
brokered_share_chg_4q,funding-mix,A bank replacing lost core funding with brokered money is already under strain.,PARKED,False,1.8765381507660812,-0.0720099360422121,0.9285714285714286,2.6260772776164387,Carries real standalone information (lift 1.88) but is redundant once the graduated set is present (incremental -0.07).
time_dep_share,funding-mix,Time deposits are rate-sensitive money that can walk at each maturity date.,PARKED,False,2.3195491576087757,0.0407385595239082,0.9642857142857144,4.536652091672553,Carries real standalone information (lift 2.32) but is redundant once the graduated set is present (incremental +0.04).
time_dep_share_chg_4q,funding-mix,A shift into time deposits means depositors are repricing the relationship.,PARKED,False,2.216746239968732,-0.0012305247996282,0.9642857142857144,3.952651329516932,Carries real standalone information (lift 2.22) but is redundant once the graduated set is present (incremental -0.00).
core_dep_share,funding-mix,FDIC's own split of relationship funding from purchased funding.,PARKED,False,2.449267752254779,0.0131280161718221,1.0,4.352286100869742,Carries real standalone information (lift 2.45) but is redundant once the graduated set is present (incremental +0.01).
core_dep_share_chg_4q,funding-mix,Falling core share means the franchise is being replaced by wholesale money.,PARKED,False,2.2304807814058702,-0.0321869265983716,1.0,3.797130256021148,Carries real standalone information (lift 2.23) but is redundant once the graduated set is present (incremental -0.03).
uninsured_dep_share,funding-mix,Uninsured balances are the flight-risk tranche; the depositor has a reason to run.,GRADUATED,False,2.4758699191338343,0.0997265206960689,1.0,5.206888395462044,"Removing it costs 0.10 lift@5%, and it beats random ranking in 100% of walk-forward folds."
uninsured_dep_share_chg_4q,funding-mix,A rising uninsured share concentrates run risk even at constant total deposits.,PARKED,False,2.8126267214786353,0.0335350638475544,1.0,5.022392020443805,Carries real standalone information (lift 2.81) but is redundant once the graduated set is present (incremental +0.03).
noninterest_dep_share,funding-mix,Noninterest-bearing balances are operational and stickiest; a high share is a moat.,PARKED,False,2.4577195095373705,-0.0589628689019026,1.0,4.5324447013431115,Carries real standalone information (lift 2.46) but is redundant once the graduated set is present (incremental -0.06).
noninterest_dep_share_chg_4q,funding-mix,Operational balances draining is the earliest tell that a treasury relationship is going.,PARKED,False,2.407368176032254,-0.0765558100280578,1.0,3.8846759791310506,Carries real standalone information (lift 2.41) but is redundant once the graduated set is present (incremental -0.08).
prior_drawdown_1q,history,"Persistence: outflows arrive in runs, so last quarter's drawdown predicts the next.",PARKED,False,1.700864726859885,-0.0131055131110215,0.8928571428571429,2.048746548599749,Carries real standalone information (lift 1.70) but is redundant once the graduated set is present (incremental -0.01).
prior_drawdown_count_4q,history,Repeated drawdowns over a year separate a chronic bleed from one lumpy quarter.,GRADUATED,False,3.1382531626568153,0.0898199583841909,1.0,5.033517040900987,"Removing it costs 0.09 lift@5%, and it beats random ranking in 100% of walk-forward folds."
dumb_row_noise,null-tripwire,"Deliberately null: seeded pseudorandom value per bank-quarter. Independent of the entity, so unlike a stable identifier it cannot encode entity-level base rates.",KILLED,True,0.9913448591748169,,0.5,0.5982591224628011,No standalone ranking power (lift 0.99) and no incremental contribution (+0.00).
