size_stratum,quarters,mean_k,precision,recall,base_rate,lift,k_frac,model
$1B-$10B,28,8.25,0.007936507936507936,0.0013696876600102408,0.04440722223164371,0.1280337941628264,0.01,baseline: base rate (random rank)
<$1B,28,37.57142857142857,0.058040236846761885,0.010958378983596403,0.06032656123498468,1.0830875358371888,0.01,baseline: base rate (random rank)
>$10B,28,2.0,0.05357142857142857,0.006530612244897959,0.048383989399790786,0.48112244897959183,0.01,baseline: base rate (random rank)
$1B-$10B,28,39.32142857142857,0.03781513824346968,0.039210764334544276,0.04440722223164371,0.7752499929535557,0.05,baseline: base rate (random rank)
<$1B,28,185.85714285714286,0.06030304099363287,0.05107044802871028,0.06032656123498468,1.0190300881638152,0.05,baseline: base rate (random rank)
>$10B,28,7.75,0.04017857142857143,0.026177721088435375,0.048383989399790786,0.49248777636054425,0.05,baseline: base rate (random rank)
$1B-$10B,28,8.25,0.06264172335600907,0.01266218567630338,0.04440722223164371,1.1982401939464606,0.01,baseline: size only
<$1B,28,37.57142857142857,0.12937201987135485,0.02184823734981926,0.06032656123498468,2.156002333904049,0.01,baseline: size only
>$10B,28,2.0,0.10714285714285714,0.0469671201814059,0.048383989399790786,3.2991496598639456,0.01,baseline: size only
$1B-$10B,28,39.32142857142857,0.05706480271578564,0.05384958096798091,0.04440722223164371,1.065833253806922,0.05,baseline: size only
<$1B,28,185.85714285714286,0.12112293873768375,0.10146355210552216,0.06032656123498468,2.024438777200517,0.05,baseline: size only
>$10B,28,7.75,0.09630102040816325,0.15031591424448568,0.048383989399790786,2.828809505403893,0.05,baseline: size only
$1B-$10B,28,8.25,0.4064625850340136,0.11588808821284045,0.04440722223164371,10.878693014176573,0.01,HistGB (structured)
<$1B,28,37.57142857142857,0.4707773663856218,0.09527444076584345,0.06032656123498468,9.405904531271648,0.01,HistGB (structured)
>$10B,28,2.0,0.30357142857142855,0.12676007524221808,0.048383989399790786,9.446310361265718,0.01,HistGB (structured)
$1B-$10B,28,39.32142857142857,0.2565104045053835,0.32219932458324924,0.04440722223164371,6.369285429237629,0.05,HistGB (structured)
<$1B,28,185.85714285714286,0.3055290654767971,0.29230908471907296,0.06032656123498468,5.831902533890372,0.05,HistGB (structured)
>$10B,28,7.75,0.28316326530612246,0.38311340445269015,0.048383989399790786,7.2074516000935,0.05,HistGB (structured)
