cert,bank,assets_usd_b,cik,ticker,sec_title,sic,sic_desc,n_8k_202,matched_on,matched_name
628,JPMORGAN CHASE BANK NA,4016.6,19617,JPM,JPMORGAN CHASE & CO,6021.0,National Commercial Banks,4,NAMEHCR,JPMORGAN CHASE&CO
7213,CITIBANK NATIONAL ASSN,1933.6,831001,C,CITIGROUP INC,6021.0,National Commercial Banks,4,NAMEHCR,CITIGROUP INC
33124,GOLDMAN SACHS BANK USA,751.8,886982,GS,GOLDMAN SACHS GROUP INC,6211.0,"Security Brokers, Dealers & Flotation Companies",5,NAMEHCR,GOLDMAN SACHS GROUP INC THE
4297,CAPITAL ONE NATIONAL ASSN,672.0,927628,COF,CAPITAL ONE FINANCIAL CORP,6021.0,National Commercial Banks,22,NAMEHCR,CAPITAL ONE FINANCIAL CORP
9846,TRUIST BANK,541.2,92230,TFC,TRUIST FINANCIAL CORP,6021.0,National Commercial Banks,24,NAMEHCR,TRUIST FINANCIAL CORP
639,BANK OF NEW YORK MELLON,467.3,1390777,BNY,Bank of New York Mellon Corp,6022.0,State Commercial Banks,20,NAME,BANK OF NEW YORK MELLON
32992,MORGAN STANLEY BANK NA,391.3,895421,MS,MORGAN STANLEY,6211.0,"Security Brokers, Dealers & Flotation Companies",4,NAMEHCR,MORGAN STANLEY
14,STATE STREET BANK&TRUST CO,386.5,93751,STT,STATE STREET CORP,6022.0,State Commercial Banks,7,NAMEHCR,STATE STREET CORP
27471,AMERICAN EXPRESS NB,217.6,4962,AXP,AMERICAN EXPRESS CO,6199.0,Finance Services,28,NAMEHCR,AMERICAN EXPRESS CO
588,MANUFACTURERS&TRADERS TR CO,214.2,36270,MTB,M&T BANK CORP,6022.0,State Commercial Banks,26,NAMEHCR,M&T BANK CORP
17534,KEYBANK NATIONAL ASSN,186.0,91576,KEY,KEYCORP /NEW/,6021.0,National Commercial Banks,33,NAMEHCR,KEYCORP
57803,ALLY BANK,185.7,40729,ALLY,Ally Financial Inc.,6022.0,State Commercial Banks,26,NAMEHCR,ALLY FINANCIAL INC
913,NORTHERN TRUST CO,173.8,73124,NTRS,NORTHERN TRUST CORP,6022.0,State Commercial Banks,26,NAMEHCR,NORTHERN TRUST CORP
12368,REGIONS BANK,159.4,1281761,RF,REGIONS FINANCIAL CORP,6021.0,National Commercial Banks,35,NAMEHCR,REGIONS FINANCIAL CORP
27314,SYNCHRONY BANK,114.9,1601712,SYF,Synchrony Financial,6199.0,Finance Services,19,NAMEHCR,SYNCHRONY FINANCIAL
18221,WEBSTER BANK NATIONAL ASSN,85.5,801337,WBS,WEBSTER FINANCIAL CORP,6021.0,National Commercial Banks,39,NAMEHCR,WEBSTER FINANCIAL CORP
4977,FIRST HORIZON BANK,83.8,36966,FHN,FIRST HORIZON CORP,6021.0,National Commercial Banks,47,NAMEHCR,FIRST HORIZON CORP
8273,UMB BANK NATIONAL ASSN,72.3,101382,UMBF,UMB FINANCIAL CORP,6021.0,National Commercial Banks,24,NAMEHCR,UMB FINANCIAL CORP
33555,SOUTHSTATE BANK NA,67.9,764038,SSB,SouthState Bank Corp,6022.0,State Commercial Banks,28,NAMEHCR,SOUTHSTATE BANK CORP
17266,COLUMBIA BANK,66.0,887343,COLB,"COLUMBIA BANKING SYSTEM, INC.",6022.0,State Commercial Banks,38,NAMEHCR,COLUMBIA BANKING SYSTEM INC
34968,BANCO POPULAR DE PUERTO RICO,60.6,763901,BPOP,"POPULAR, INC.",6022.0,State Commercial Banks,29,NAMEHCR,POPULAR INC
4214,BOKF NATIONAL ASSN,53.5,875357,BOKF,BOK FINANCIAL CORP,6021.0,National Commercial Banks,30,NAMEHCR,BOK FINANCIAL CORP
5510,FROST BANK,52.8,39263,CFR,"CULLEN/FROST BANKERS, INC.",6021.0,National Commercial Banks,49,NAMEHCR,CULLEN FROST BANKERS INC
26881,SOFI BANK NATIONAL ASSN,49.7,1818874,SOFI,"SoFi Technologies, Inc.",6199.0,Finance Services,21,NAMEHCR,SOFI TECHNOLOGIES INC
33893,RAYMOND JAMES BANK,45.7,720005,RJF,RAYMOND JAMES FINANCIAL INC,6211.0,"Security Brokers, Dealers & Flotation Companies",26,NAMEHCR,RAYMOND JAMES FINANCIAL INC
5296,ASSOCIATED BANK NA,45.5,7789,ASB,ASSOCIATED BANC-CORP,6022.0,State Commercial Banks,15,NAMEHCR,ASSOCIATED BANC-CORP
16835,PROSPERITY BANK,43.6,1068851,PB,PROSPERITY BANCSHARES INC,6022.0,State Commercial Banks,58,NAMEHCR,PROSPERITY BANCSHARES INC
34589,ATLANTIC UNION BANK,37.2,883948,AUB,Atlantic Union Bankshares Corp,6022.0,State Commercial Banks,27,NAMEHCR,ATLANTIC UNION BANKSHARES CORP
12441,HANCOCK WHITNEY BANK,35.5,750577,HWC,HANCOCK WHITNEY CORP,6022.0,State Commercial Banks,40,NAMEHCR,HANCOCK WHITNEY CORP
58979,BANKUNITED NATIONAL ASSN,35.3,1504008,BKU,"BankUnited, Inc.",6035.0,"Savings Institution, Federally Chartered",60,NAMEHCR,BANKUNITED INC
24045,BANC OF CALIFORNIA,34.6,1169770,BANC,"BANC OF CALIFORNIA, INC.",6021.0,National Commercial Banks,48,NAMEHCR,BANC OF CALIFORNIA INC
7551,FULTON BANK NATIONAL ASSN,32.1,700564,FULT,FULTON FINANCIAL CORP,6021.0,National Commercial Banks,42,NAMEHCR,FULTON FINANCIAL CORP
32773,EASTERN BANK,30.6,1810546,EBC,"Eastern Bankshares, Inc.",6035.0,"Savings Institution, Federally Chartered",23,NAMEHCR,EASTERN BANKSHARES INC
35546,AXOS BANK,28.2,1299709,AX,"Axos Financial, Inc.",6035.0,"Savings Institution, Federally Chartered",35,NAMEHCR,AXOS FINANCIAL INC
16889,UNITED COMMUNITY BANK,28.1,857855,UCB,UNITED COMMUNITY BANKS INC,6022.0,State Commercial Banks,43,NAMEHCR,UNITED COMMUNITY BANKS INC
28088,WAFD BANK,27.6,936528,WAFD,WAFD INC,6021.0,National Commercial Banks,66,NAMEHCR,WAFD INC
803,WESBANCO BANK INC,27.4,203596,WSBC,WESBANCO INC,6021.0,National Commercial Banks,55,NAMEHCR,WESBANCO INC
12437,RENASANT BANK,27.1,715072,RNST,RENASANT CORP,6022.0,State Commercial Banks,38,NAMEHCR,RENASANT CORP
58303,AMERIPRISE BANK FSB,25.5,820027,AMP,AMERIPRISE FINANCIAL INC,6282.0,Investment Advice,26,NAMEHCR,AMERIPRISE FINANCIAL INC
9712,ROCKLAND TRUST CO,24.8,776901,INDB,INDEPENDENT BANK CORP,6022.0,State Commercial Banks,38,NAMEHCR,INDEPENDENT BANK CORP
3890,SIMMONS BANK,24.6,90498,SFNC,SIMMONS FIRST NATIONAL CORP,6021.0,National Commercial Banks,26,NAMEHCR,SIMMONS FIRST NATIONAL CORP
17985,FIRST HAWAIIAN BANK,24.3,36377,FHB,"FIRST HAWAIIAN, INC.",6022.0,State Commercial Banks,47,NAMEHCR,FIRST HAWAIIAN INC
18053,BANK OF HAWAII,23.9,46195,BOH,BANK OF HAWAII CORP,6022.0,State Commercial Banks,46,NAMEHCR,BANK OF HAWAII CORP
11241,CENTENNIAL BANK,23.0,1331520,HOMB,HOME BANCSHARES INC,6022.0,State Commercial Banks,56,NAMEHCR,HOME BANCSHARES INC
17798,BEACON BANK&TRUST,22.2,1108134,BBT,Beacon Financial Corp,6036.0,"Savings Institutions, Not Federally Chartered",48,NAMEHCR,BEACON FINANCIAL CORP
17838,WILMINGTON SVG FUND SOCIETY,22.0,828944,WSFS,WSFS FINANCIAL CORP,6021.0,National Commercial Banks,46,NAMEHCR,WSFS FINANCIAL CORP
4365,FIRST MERCHANTS BANK,21.0,712534,FRME,FIRST MERCHANTS CORP,6021.0,National Commercial Banks,51,NAMEHCR,FIRST MERCHANTS CORP
57311,STIFEL BANK&TRUST,20.1,720672,SF,STIFEL FINANCIAL CORP,6211.0,"Security Brokers, Dealers & Flotation Companies",37,NAMEHCR,STIFEL FINANCIAL CORP
4988,TRUSTMARK BANK,19.0,36146,TRMK,TRUSTMARK CORP,6021.0,National Commercial Banks,50,NAMEHCR,TRUSTMARK CORP
57993,SERVISFIRST BANK,18.2,1430723,SFBS,"ServisFirst Bancshares, Inc.",6022.0,State Commercial Banks,76,NAMEHCR,SERVISFIRST BANCSHARES INC
